{"cameraMode":{"drawMode":0,"name":"Shaded","section":"Shading Mode"},"sceneLighting":false,"audioPlay":false,"sceneViewState":{"showFog":true,"showMaterialUpdate":false,"showSkybox":false,"showFlares":true,"showImageEffects":true,"showParticleSystems":true},"in2DMode":false,"pivot":{"x":36.50822448730469,"y":-17.569360733032228,"z":15.65286636352539},"rotation":{"x":0.00886461976915598,"y":0.9301631450653076,"z":-0.3664714992046356,"w":0.022622086107730867},"size":16.244007110595704,"orthographic":false}