{"cameraMode":{"drawMode":0,"name":"Shaded","section":"Shading Mode"},"sceneLighting":false,"audioPlay":false,"sceneViewState":{"showFog":true,"showMaterialUpdate":false,"showSkybox":false,"showFlares":true,"showImageEffects":true,"showParticleSystems":true},"in2DMode":false,"pivot":{"x":14.210000038146973,"y":-1.3975069522857667,"z":-0.09934473037719727},"rotation":{"x":-0.4302957355976105,"y":0.3781038820743561,"z":-0.20501826703548432,"w":-0.7936792373657227},"size":1.216341495513916,"orthographic":false}