{"cameraMode":{"drawMode":0,"name":"Shaded","section":"Shading Mode"},"sceneLighting":false,"audioPlay":false,"sceneViewState":{"showFog":true,"showMaterialUpdate":false,"showSkybox":false,"showFlares":true,"showImageEffects":true,"showParticleSystems":true},"in2DMode":false,"pivot":{"x":0.30062001943588259,"y":0.6728822588920593,"z":-0.2059745192527771},"rotation":{"x":-0.03620393946766853,"y":0.8908162713050842,"z":-0.44725802540779116,"w":-0.07203155755996704},"size":2.3346645832061769,"orthographic":false}