{"cameraMode":{"drawMode":0,"name":"Shaded","section":"Shading Mode"},"sceneLighting":false,"audioPlay":false,"sceneViewState":{"showFog":true,"showMaterialUpdate":false,"showSkybox":false,"showFlares":true,"showImageEffects":true,"showParticleSystems":true},"in2DMode":false,"pivot":{"x":17.899999618530275,"y":-0.60999995470047,"z":-0.15000009536743165},"rotation":{"x":-0.4302957355976105,"y":0.3781038820743561,"z":-0.20501826703548432,"w":-0.7936792373657227},"size":0.6414391398429871,"orthographic":false}